Chain,Depth,Length,N-tail,C-tail,Representative
6i0j_A,0.0011355206,257,25,3,4qef_A
6i0w_A,0.0013821285,258,23,4,4qef_A
6hr3_A,0.0010365964,258,23,3,4qef_A
6nj4_A,0.004579117,266,27,12,4qef_A
6nj5_A,0.0038159308,266,27,10,4qef_A
6nj2_A,0.0010365964,258,23,3,4qef_A
6ql3_A,0.0009464575,258,21,3,4qef_A
6hzx_A,0.0013929053,257,23,4,4qef_A
6eda_A,0.0012619434,258,21,4,4qef_A
6eea_A,0.0009464575,258,21,3,4qef_A
1cak_A,0.0010733293,259,24,3,4qef_A
4qk1_A,0.0005708792,258,19,2,4qef_A
5flo_A,0.0010733293,259,24,3,4qef_A
5th4_A,0.0013821285,258,23,4,4qef_A
1z97_A,0.0037304867,264,26,10,4qef_A
5sz5_A,0.0013220359,258,22,4,4qef_A
1fsq_A,0.0010733293,259,24,3,4qef_A
3ryj_B,0.0009013881,258,20,3,4qef_A
1ze8_A,0.0014311057,259,24,4,4qef_A
4ygn_A,0.0011417583,258,19,4,4qef_A
5lmd_A,0.0012619434,258,21,4,4qef_A
5jgs_B,0.0013323442,257,22,4,4qef_A
4mlt_A,0.0017276606,258,23,5,4qef_A
5eij_A,0.0013821285,258,23,4,4qef_A
4r59_A,0.000991527,258,22,3,4qef_A
4mdg_A,0.0010733293,259,24,3,4qef_A
3mnu_A,0.0013821285,258,23,4,4qef_A
2nno_A,0.0014792899,260,25,4,4qef_A
1cao_A,0.0010569428,261,24,3,4qef_A
3v2j_A,0.0012619434,258,21,4,4qef_A
3kon_A,0.0013118469,259,22,4,4qef_A
4m2r_A,0.0017276606,258,23,5,4qef_A
2nwo_A,0.0010733293,259,24,3,4qef_A
5flp_A,0.0013220359,258,22,4,4qef_A
5flr_A,0.0009838852,259,22,3,4qef_A
3ml5_A,0.0019666686,262,27,5,4qef_A
4qsb_A,0.0010365964,258,23,3,4qef_A
5ty1_A,0.0009838852,259,22,3,4qef_A
1cnj_A,0.000991527,258,22,3,4qef_A
3mhc_A,0.0012619434,258,21,4,4qef_A
5fls_A,0.0009391631,259,21,3,4qef_A
5umc_A,0.0014311057,259,24,4,4qef_A
5g01_A,0.0012522175,259,21,4,4qef_A
4ywp_A,0.0009464575,258,21,3,4qef_A
4mdl_A,0.0013714763,259,23,4,4qef_A
4fpt_A,0.0010365964,258,23,3,4qef_A
3s72_B,0.0013220359,258,22,4,4qef_A
3daz_A,0.0006309717,258,21,2,4qef_A
2vvb_X,0.0010733293,259,24,3,4qef_A
4z1e_A,0.0009838852,259,22,3,4qef_A
3kkx_A,0.0011329587,259,19,4,4qef_A
4l5v_A,0.0010365964,258,23,3,4qef_A
3u3a_X,0.0009838852,259,22,3,4qef_A
3hkn_A,0.0013929053,257,23,4,4qef_A
5tfx_A,0.0010286072,259,23,3,4qef_A
2fnn_A,0.0009391631,259,21,3,4qef_A
1ugd_A,0.0017143453,259,23,5,4qef_A
3p3j_A,0.0012717831,257,21,4,4qef_A
5jes_B,0.0015652718,259,21,5,4qef_A
3gz0_A,0.0010365964,258,23,3,4qef_A
4z1k_A,0.0009538373,257,21,3,4qef_A
2pou_A,0.0010286072,259,23,3,4qef_A
6b00_A,0.0033000459,264,23,10,4qef_A
5u0e_A,0.000894441,259,20,3,4qef_A
5g0b_A,0.000991527,258,22,3,4qef_A
4m2u_A,0.0013821285,258,23,4,4qef_A
4r5a_A,0.0014092571,261,24,4,4qef_A
2fnk_A,0.0010733293,259,24,3,4qef_A
5fnm_A,0.0009838852,259,22,3,4qef_A
4iwz_A,0.0010365964,258,23,3,4qef_A
3s74_B,0.001877892,258,25,5,4qef_A
3v7x_A,0.0010733293,259,24,3,4qef_A
3dv7_A,0.0009838852,259,22,3,4qef_A
4qjm_A,0.0012619434,258,21,4,4qef_A
6bbs_A,0.0012619434,258,21,4,4qef_A
4mdm_A,0.0014311057,259,24,4,4qef_A
3n0n_A,0.0006857381,259,23,2,4qef_A
4q8z_A,0.0010365964,258,23,3,4qef_A
4fl7_A,0.0012619434,258,21,4,4qef_A
5fdc_A,0.0013714763,259,23,4,4qef_A
5vgy_A,0.0009838852,259,22,3,4qef_A
2wd3_A,0.0013323442,257,22,4,4qef_A
4e5q_A,0.0013821285,258,23,4,4qef_A
4wl4_A,0.0012018509,258,20,4,4qef_A
5u0f_A,0.000849719,259,19,3,4qef_A
4kuy_A,0.0015774292,258,21,5,4qef_A
3v2m_A,0.0011417583,258,19,4,4qef_A
1g0f_A,0.0011925881,259,20,4,4qef_A
5tya_A,0.0013714763,259,23,4,4qef_A
4pyx_A,0.0012018509,258,20,4,4qef_A
3ryx_B,0.0013118469,259,22,4,4qef_A
1raz_A,0.0010733293,259,24,3,4qef_A
4e4a_A,0.0013220359,258,22,4,4qef_A
2fnm_A,0.0009838852,259,22,3,4qef_A
3r16_A,0.0015023136,258,20,5,4qef_A
5wlr_A,0.0009464575,258,21,3,4qef_A
6d1l_A,0.0014201183,260,24,4,4qef_A
3vbd_A,0.0013118469,259,22,4,4qef_A
5jeh_B,0.0014907351,259,25,4,4qef_A
4q90_A,0.0012619434,258,21,4,4qef_A
2nns_A,0.0011094675,260,25,3,4qef_A
3myq_A,0.0012619434,258,21,4,4qef_A
3m1q_A,0.0012619434,258,21,4,4qef_A
2eu2_A,0.0012619434,258,21,4,4qef_A
4e3f_A,0.0015774292,258,21,5,4qef_A
3p55_A,0.001044679,257,23,3,4qef_A
2nwz_A,0.0013118469,259,22,4,4qef_A
3uyn_A,0.0010650888,260,24,3,4qef_A
5t71_A,0.0007267332,257,16,3,4qef_A
3ml2_A,0.0013821285,258,23,4,4qef_A
4k1q_A,0.0014907351,259,25,4,4qef_A
5ty8_A,0.0010733293,259,24,3,4qef_A
5g0c_A,0.0014311057,259,24,4,4qef_A
1fsr_A,0.0014311057,259,24,4,4qef_A
5amd_A,0.0010365964,258,23,3,4qef_A
4qef_A,0.0010365964,258,23,3,4qef_A
4hew_A,0.000991527,258,22,3,4qef_A
3oku_A,0.0014311057,259,24,4,4qef_A
1z93_A,0.003357438,264,26,9,4qef_A
5brw_A,0.000991527,258,22,3,4qef_A
5wex_A,0.0013714763,259,23,4,4qef_A
4q06_A,0.000991527,258,22,3,4qef_A
3p5a_A,0.0013821285,258,23,4,4qef_A
5je7_B,0.0006358915,257,21,2,4qef_A
5ekm_A,0.0008563187,258,19,3,4qef_A
4z1j_A,0.0010816658,258,24,3,4qef_A
2wej_A,0.0014907351,259,20,5,4qef_A
3oys_A,0.0015774292,258,21,5,4qef_A
4itp_A,0.0009464575,258,21,3,4qef_A
3k34_A,0.0010733293,259,24,3,4qef_A
3dvb_A,0.0010733293,259,24,3,4qef_A
1urt_A,0.0001068205,237,3,2,4qef_A
2pow_A,0.0009013881,258,20,3,4qef_A
4e3g_A,0.0012018509,258,20,4,4qef_A
2x7t_A,0.0013323442,257,22,4,4qef_A
2ili_A,0.0013118469,259,22,4,4qef_A
4fik_A,0.0013220359,258,22,4,4qef_A
4knn_A,0.0009464575,258,21,3,4qef_A
3sax_A,0.0014311057,259,24,4,4qef_A
4qsa_A,0.000894441,259,20,3,4qef_A
3s8x_A,0.001216874,258,27,3,4qef_A
6got_A,0.0013821285,258,23,4,4qef_A
3s73_B,0.0009464575,258,21,3,4qef_A
2cbc_A,0.0007155528,259,24,2,4qef_A
1thk_A,0.0010286072,259,23,3,4qef_A
5yuj_A,0.0017276606,258,23,5,4qef_A
2osf_A,0.0015140275,257,20,5,4qef_A
4kap_A,0.0017143453,259,23,5,4qef_A
1g0e_A,0.0010733293,259,24,3,4qef_A
2ez7_A,0.0011329587,259,19,4,4qef_A
1if9_A,0.0010733293,259,24,3,4qef_A
1if7_A,0.000849719,259,19,3,4qef_A
3rz0_B,0.0010733293,259,24,3,4qef_A
3t85_A,0.0009992581,257,22,3,4qef_A
3czv_A,0.000661018,258,22,2,4qef_A
3okv_A,0.000991527,258,22,3,4qef_A
3sbi_A,0.0013118469,259,22,4,4qef_A
3bl0_A,0.0009464575,258,21,3,4qef_A
2fos_A,0.0011094675,260,25,3,4qef_A
1fqm_A,0.0013323442,257,22,4,4qef_A
1xev_A,0.0010286072,259,23,3,4qef_A
2nxt_A,0.000991527,258,22,3,4qef_A
5gmn_A,0.0013323442,257,22,4,4qef_A
2ax2_A,0.0010733293,259,24,3,4qef_A
5l70_A,0.0013821285,258,23,4,4qef_A
5dsq_A,0.0012619434,258,21,4,4qef_A
5dso_A,0.0010365964,258,23,3,4qef_A
1hva_A,0.0006866455,256,15,3,4qef_A
1fsn_A,0.0010365964,258,23,3,4qef_A
2w2j_A,0.0012809089,268,23,4,4qef_A
3bet_A,0.0010733293,259,24,3,4qef_A
2cbe_A,0.0013714763,259,23,4,4qef_A
3caj_A,0.0009838852,259,22,3,4qef_A
3ibu_A,0.0014311057,259,24,4,4qef_A
3ibn_A,0.0010733293,259,24,3,4qef_A
3ibl_A,0.0010733293,259,24,3,4qef_A
3rz5_A,0.0010733293,259,24,3,4qef_A
3rz7_A,0.0013821285,258,23,4,4qef_A
3s76_A,0.0012619434,258,21,4,4qef_A
1cng_A,0.0013821285,258,23,4,4qef_A
3mhl_A,0.0009464575,258,21,3,4qef_A
3m5e_A,0.0011925881,259,20,4,4qef_A
3m40_A,0.0013714763,259,23,4,4qef_A
3m3x_A,0.0009391631,259,21,3,4qef_A
3m67_A,0.0007661799,258,17,3,4qef_A
3m98_A,0.000991527,258,22,3,4qef_A
3m2n_A,0.0013118469,259,22,4,4qef_A
3mhm_A,0.0013821285,258,23,4,4qef_A
1zsa_A,0.0010365964,258,23,3,4qef_A
3m96_A,0.0013821285,258,23,4,4qef_A
3po6_A,0.0010733293,259,24,3,4qef_A
1cnh_A,0.0009464575,258,21,3,4qef_A
5dsr_A,0.0010365964,258,23,3,4qef_A
5y2r_A,0.0015745886,257,26,4,4qef_A
5y2s_A,0.0015140275,257,25,4,4qef_A
5nxg_A,0.0015140275,257,25,4,4qef_A
5nxi_A,0.0016099939,259,27,4,4qef_A
5nxo_A,0.0015624061,258,26,4,4qef_A
5nxp_A,0.0015624061,258,26,4,4qef_A
5nxv_A,0.0015624061,258,26,4,4qef_A
5nxw_A,0.0015140275,257,25,4,4qef_A
5ny1_A,0.0018925343,257,25,5,4qef_A
5ny3_A,0.0015624061,258,26,4,4qef_A
5ny6_A,0.0016224986,258,27,4,4qef_A
5nya_A,0.0014534664,257,24,4,4qef_A
5m78_A,0.0016099939,259,27,4,4qef_A
5t75_A,0.0015140275,257,25,4,4qef_A
5lle_A,0.0015140275,257,25,4,4qef_A
5llg_A,0.0018925343,257,25,5,4qef_A
5lln_A,0.0015503645,259,26,4,4qef_A
5thj_A,0.0015140275,257,25,4,4qef_A
5jn3_A,0.0015140275,257,25,4,4qef_A
5l6k_A,0.0012522175,259,28,3,4qef_A
5sz7_A,0.0015140275,257,25,4,4qef_A
5sz0_A,0.0015140275,257,25,4,4qef_A
5sz1_A,0.0015140275,257,25,4,4qef_A
5sz2_A,0.0014534664,257,24,4,4qef_A
5sz3_A,0.0015140275,257,25,4,4qef_A
5sz4_A,0.0015140275,257,25,4,4qef_A
5drs_A,0.0014534664,257,24,4,4qef_A
5dog_A,0.0015745886,257,26,4,4qef_A
5doh_A,0.0015023136,258,25,4,4qef_A
5g03_A,0.0014534664,257,24,4,4qef_A
5a19_A,0.0103739612,380,14,107,1fug_A
5a1g_A,0.0075484765,380,10,109,1fug_A
5t8s_A,0.0087682007,388,11,120,1fug_A
5t8t_A,0.0130725901,388,16,123,1fug_A
5a1i_A,0.0114700229,381,15,111,1fug_A
3so4_A,0.01,390,13,117,1fug_A
4ndn_A,0.0117800236,381,15,114,1fug_A
4ktv_D,0.013233582,381,17,113,1fug_A
4ktt_D,0.0106648199,380,14,110,1fug_A
1xra_A,0.0127616931,383,16,117,1fug_A
1xrb_A,0.0127616931,383,16,117,1fug_A
1xrc_A,0.0128707674,383,16,118,1fug_A
4odj_A,0.0126714811,386,16,118,1fug_A
3iml_A,0.0103092102,389,13,120,1fug_A
1fug_A,0.0079760582,383,10,117,1fug_A
2obv_A,0.0137939453,384,18,113,1fug_A
2p02_A,0.0106648199,380,14,110,1fug_A
1mxa_A,0.0128707674,383,16,118,1fug_A
1mxb_A,0.0127616931,383,16,117,1fug_A
1mxc_A,0.0127616931,383,16,117,1fug_A
1o90_A,0.0075484765,380,10,109,1fug_A
1o92_A,0.010567867,380,14,109,1fug_A
1o93_A,0.0098891967,380,14,102,1fug_A
1o9t_A,0.0114127424,380,16,103,1fug_A
3rv2_A,0.0109295796,399,15,116,1fug_A
3s82_A,0.0093906445,399,13,115,1fug_A
1p7l_A,0.0091486069,383,11,122,1fug_A
3tde_A,0.0087119012,398,12,115,1fug_A
1qm4_A,0.0114127424,380,16,103,1fug_A
1rg9_A,0.0091486069,383,11,122,1fug_A
3kzm_A,0.1271320221,332,173,81,3kzk_A
3kzc_A,0.1271320221,332,173,81,3kzk_A
3kzk_A,0.1287156226,334,173,83,3kzk_A
3kzn_A,0.1271320221,332,173,81,3kzk_A
3kzo_A,0.1271320221,332,173,81,3kzk_A
3l02_A,0.1271320221,332,173,81,3kzk_A
3l04_A,0.1271320221,332,173,81,3kzk_A
3l05_A,0.1271320221,332,173,81,3kzk_A
3l06_A,0.1271320221,332,173,81,3kzk_A
3m4j_A,0.1271320221,332,173,81,3kzk_A
3m4n_A,0.1271320221,332,173,81,3kzk_A
3m5c_A,0.1271320221,332,173,81,3kzk_A
3m5d_A,0.1271320221,332,173,81,3kzk_A
6rxz_CN,0.0778125,240,166,27,2v3j_A
6rxy_CN,0.07828125,240,167,27,2v3j_A
6rxx_CN,0.07828125,240,167,27,2v3j_A
6rxv_CN,0.07828125,240,167,27,2v3j_A
6rxt_CN,0.07828125,240,167,27,2v3j_A
5oql_e,0.0827596728,229,155,28,2v3j_A
5wyk_E1,0.0835160494,225,151,28,2v3j_A
5jpq_e,0.0840691358,225,152,28,2v3j_A
3oii_A,0.0805333333,225,151,27,2v3j_A
2v3j_A,0.0803188345,229,156,27,2v3j_A
3oij_A,0.0835160494,225,151,28,2v3j_A
2v3k_A,0.0806924256,227,154,27,2v3j_A
3oin_A,0.0805333333,225,151,27,2v3j_A
6afk_A,0.1650779826,249,89,115,1uak_A
5wyr_A,0.1664119407,248,89,115,1uak_A
5wyq_A,0.1645421436,248,88,115,1uak_A
4yqt_A,0.1640868887,248,87,116,1uak_A
4yqs_A,0.1640868887,248,87,116,1uak_A
4yqr_A,0.1640868887,248,87,116,1uak_A
4ypx_A,0.1650779826,249,89,115,1uak_A
4yvk_A,0.1659729448,248,88,116,1uak_A
4yvj_A,0.1659729448,248,88,116,1uak_A
4yvi_A,0.165418217,247,87,116,1uak_A
4yvh_A,0.1659729448,248,88,116,1uak_A
4yvg_A,0.1635168582,247,86,116,1uak_A
4yqd_A,0.1646425058,249,88,116,1uak_A
3axz_A,0.1662257496,252,91,116,1uak_A
4ig6_A,0.1589615717,223,85,93,1uak_A
4h3y_A,0.1660899654,255,90,120,1uak_A
1uak_A,0.1662887377,252,88,120,1uak_A
1uaj_A,0.1672143344,254,93,116,1uak_A
1ual_A,0.164399093,252,87,120,1uak_A
1uam_A,0.164399093,252,87,120,1uak_A
4h3z_A,0.1679354095,255,91,120,1uak_A
3knu_A,0.1550818797,212,85,82,1uak_A
3ky7_A,0.1616454131,243,83,115,1uak_A
1p9p_A,0.1629321171,246,85,116,1uak_A
5ku6_A,0.0009327831,266,33,2,3znc_A
5jnc_A,0.0009045169,266,32,2,3znc_A
5jn8_A,0.0009045169,266,32,2,3znc_A
5jna_A,0.0009327831,266,33,2,3znc_A
5ipz_A,0.0008543966,265,30,2,3znc_A
3znc_A,0.0017426837,258,29,4,3znc_A
3f7b_A,0.0007974368,265,28,2,3znc_A
3fw3_A,0.0008158033,262,28,2,3znc_A
1znc_A,0.0007866674,262,27,2,3znc_A
2znc_A,0.0017426837,258,29,4,3znc_A
6rqn_A,0.0029296875,256,24,8,6rqq_A
6rqq_A,0.0018310547,256,20,6,6rqq_A
5fl5_A,0.0008571293,251,18,3,6rqq_A
5cjf_A,0.0040703262,266,24,12,6rqq_A
5msa_A,0.0018349701,261,25,5,6rqq_A
4kp5_A,0.001350538,261,23,4,6rqq_A
4kp8_A,0.0016881725,261,23,5,6rqq_A
5ll9_A,0.0016881725,261,23,5,6rqq_A
4ht2_A,0.0016881725,261,23,5,6rqq_A
6fe1_A,0.0005450499,257,18,2,6rqq_A
6g98_A,0.0004535071,244,9,3,6rqq_A
5dvx_A,0.0039053254,260,22,12,6rqq_A
4lu3_A,0.0035599858,265,25,10,6rqq_A
5msb_A,0.0018349701,261,25,5,6rqq_A
5llo_A,0.0014792899,260,25,4,6rqq_A
5llp_A,0.0014792899,260,25,4,6rqq_A
6qrd_A,0.153008618,228,82,97,6qqw_A
6qrf_A,0.153008618,228,82,97,6qqw_A
6qrc_A,0.153008618,228,82,97,6qqw_A
6qqq_A,0.1511426593,228,81,97,6qqw_A
6qra_A,0.153008618,228,82,97,6qqw_A
6qqr_A,0.153008618,228,82,97,6qqw_A
6qre_A,0.1548745768,228,83,97,6qqw_A
6qrg_A,0.1511426593,228,81,97,6qqw_A
6qr0_A,0.153008618,228,82,97,6qqw_A
6qr1_A,0.153008618,228,82,97,6qqw_A
6qqt_A,0.1511426593,228,81,97,6qqw_A
6qr3_A,0.153008618,228,82,97,6qqw_A
6qqv_A,0.1532779317,228,83,96,6qqw_A
6qr2_A,0.153008618,228,82,97,6qqw_A
6qqw_A,0.153008618,228,82,97,6qqw_A
6qqz_A,0.153008618,228,82,97,6qqw_A
4mcc_A,0.1577323242,219,85,89,1uak_A
4mcb_A,0.1577323242,219,85,89,1uak_A
4mcd_A,0.1648489656,246,86,116,1uak_A
3quv_A,0.1535249137,229,83,97,6qqw_A
1j85_A,0.1153798127,155,77,36,1j85_A
5co4_A,0.1121883657,152,81,32,1j85_A
4jal_A,0.1139053254,156,77,36,1j85_A
4pzk_B,0.1157390926,159,77,38,1j85_A
4jak_A,0.1136316337,155,78,35,1j85_A
3e5y_A,0.1136176857,156,79,35,1j85_A
4kdz_A,0.1170693623,156,77,37,1j85_A
4kgn_A,0.1136176857,156,79,35,1j85_A
3n4j_A,0.1152733305,161,83,36,1j85_A
3n4k_A,0.1169784335,163,84,37,1j85_A
1mxi_A,0.1155489809,156,76,37,1j85_A
6uev_A,0.1595879986,219,86,89,1uak_A
5fai_A,0.0891005243,209,139,28,2v3j_A
3l8u_A,0.1203657266,161,78,40,1j85_A
4ndn_B,0.0145068819,383,19,112,Other
4ndn_C,0.0129993593,381,17,111,Other
4ndn_D,0.0131643869,382,17,113,Other
4ktv_C,0.0086800174,381,10,126,Other
4ktv_B,0.0075089039,381,10,109,Other
4ktv_A,0.012882248,381,17,110,Other
4ktt_C,0.0075089039,381,10,109,Other
4ktt_B,0.0082166059,382,11,109,Other
4ktt_A,0.0125653585,381,16,114,Other
4twm_A,0.0044817143,239,32,8,Other
4twl_A,0.0037989531,239,31,7,Other
4cnf_B,0.088182117,156,74,29,Other
4cng_B,0.0851413544,156,74,28,Other
4cng_A,0.0862919132,156,75,28,Other
4cnf_A,0.0882388738,157,75,29,Other
1to0_A,0.0990709562,157,74,33,Other
4fak_A,0.1027513267,163,78,35,Other
1vh0_A,0.0990709562,157,74,33,Other
4pzk_A,0.1157390926,159,77,38,Other
5jdf_A,0.0317877286,301,40,72,Other
5hwy_A,0.0334444444,300,43,70,Other
3v5s_A,0.0291387512,301,40,66,Other
3v5u_A,0.0307306094,304,40,71,Other
5twj_A,0.1051563958,157,72,36,Other
5twk_A,0.1051563958,157,72,36,Other
1ns5_A,0.1016702977,153,70,34,Other
2egv_A,0.0732251483,229,160,24,Other
2egw_A,0.0727674911,229,159,24,Other
5a7z_A,0.10304,250,161,40,Other
5a7t_A,0.1044071927,253,163,41,Other
4cnd_B,0.0976470588,170,83,34,Other
4cne_B,0.0976470588,170,83,34,Other
4xbo_A,0.1468116658,238,77,108,Other
4cne_A,0.0976156297,169,82,34,Other
4cnd_A,0.0947445818,169,82,33,Other
3ai9_X,0.0911929202,211,140,29,Other
3aia_A,0.0804,200,134,24,Other
2qmm_A,0.0861538462,195,126,26,Other
5o95_A,0.0808004918,242,169,28,Other
5o96_A,0.0812786012,242,170,28,Other
4e8b_A,0.0855474353,242,167,30,Other
1vhy_A,0.089029571,245,167,32,Other
1nxz_A,0.0888360103,246,168,32,Other
6emt_A,0.1111828512,176,84,41,Other
6emv_A,0.1097795918,175,82,41,Other
6emu_A,0.1097795918,175,82,41,Other
4x3l_A,0.0952662722,260,184,35,Other
4x3m_A,0.0957840237,260,185,35,Other
1ipa_A,0.0856019315,263,191,31,Other
5gm8_A,0.0980968858,170,81,35,Other
5gmc_A,0.0971066191,174,84,35,Other
5gmb_A,0.1009541397,171,82,36,Other
3kty_A,0.0862040162,173,86,30,Other
2fg7_C,0.1368457031,320,173,81,Other
2fg6_C,0.1367805048,321,174,81,Other
2g7m_C,0.1368457031,320,173,81,Other
1js1_X,0.141718107,324,171,87,Other
4ws9_A,0.0220454199,405,32,113,Other
4l2z_A,0.016616018,404,24,113,Other
4k0b_A,0.0173083521,404,25,113,Other
4hpv_A,0.0173083521,404,25,113,Other
4l4q_A,0.0227717136,402,32,115,Other
4l7i_A,0.0202553671,404,29,114,Other
5e5r_A,0.000740477,265,26,2,Other
3s97_A,0.0013567754,266,24,4,Other
3kld_B,0.0007689569,265,27,2,Other
3jxf_A,0.0015593673,268,28,4,Other
3jxg_A,0.0006650378,263,23,2,Other
3jxh_C,0.0006939525,263,24,2,Other
1x7o_A,0.0937732329,267,191,35,Other
1x7p_A,0.089754361,265,191,33,Other
3sig_A,0.0153844105,274,55,21,Other
3sij_A,0.0153844105,274,55,21,Other
5tt3_A,0.0037003681,226,27,7,Other
5tuo_A,0.0045023191,227,29,8,Other
5tv3_A,0.0041115201,226,30,7,Other
5tt8_A,0.0024421839,217,23,5,Other
5gra_A,0.1502118014,232,77,105,Other
3onp_A,0.0860329892,159,75,29,Other
1v6z_A,0.0812164024,227,155,27,Other
2cx8_A,0.0816,225,153,27,Other
2z0y_A,0.081253986,224,151,27,Other
4jwg_A,0.124567474,187,99,44,Other
4jwf_A,0.124567474,187,99,44,Other
4jwj_A,0.1228489355,193,104,44,Other
5l0z_A,0.0862342975,269,195,32,Other
5kzk_A,0.0862342975,269,195,32,Other
5h5f_A,0.149473852,224,100,75,Other
5h5e_A,0.1459519193,219,100,70,Other
5c77_A,0.145453663,203,81,74,Other
5c74_A,0.1473686575,211,81,81,Other
3bbd_A,0.0768214148,204,139,23,Other
3bbe_A,0.0762687428,204,138,23,Other
3bbh_A,0.0762687428,204,138,23,Other
4o6d_A,0.0981370411,359,62,204,Other
4o6d_B,0.1162605802,377,81,204,Other
3gyq_A,0.0901043731,261,186,33,Other
3nk6_A,0.1004709576,273,192,39,Other
3nk7_A,0.1002584048,274,193,39,Other
3q98_A,0.1538427201,396,193,125,Other
2yfk_A,0.1542699725,396,192,126,Other
3ief_A,0.1614385691,229,83,102,Other
6qqm_A,0.0017594391,277,27,5,Other
3iqk_A,0.0010365964,258,23,3,Other
4xz5_A,0.0026465028,230,28,5,Other
2hfx_A,0.0007453675,259,25,2,Other
4v7h_BE,0.0325090352,237,83,22,Other
6ems_A,0.0878817209,267,179,35,Other
5vm8_A,0.0860596954,242,168,30,Other
5jir_A,0.1318762495,413,138,163,Other
5cjl_A,0.0015140275,257,25,4,Other
5apg_A,0.1221644612,184,44,94,Other
5ap8_A,0.1141796875,160,37,79,Other
5a7y_A,0.1567293726,291,158,84,Other
4rg1_A,0.0814857533,306,218,35,Other
4etq_C,0.0001105196,233,3,2,Other
4j3c_A,0.0812310709,239,160,29,Other
3cwo_X,0.0001615915,236,3,3,Other
3b1b_A,0.0018046434,357,46,5,Other
4fmw_A,0.1277623475,182,92,46,Other
4gge_A,0.0014534664,257,24,4,Other
1v2x_A,0.1396891533,191,98,52,Other
1by7_A,0.0375858529,381,176,31,Other
4h6v_A,0.0363096091,277,14,199,Other
1vhk_A,0.077632905,252,170,29,Other
3dcm_X,0.0956032141,188,109,31,Other
4jwh_A,0.1247165533,189,99,45,Other
4k1c_A,0.0294736842,380,56,76,Other
3ed7_A,0.0044300236,289,5,74,Other
4kjr_A,0.0291591837,350,47,76,Other
1y7w_A,0.0022643721,274,34,5,Other
4kpp_A,0.059426374,395,76,122,Other
4l69_A,0.0812830894,247,171,29,Other
4le5_A,0.0098805912,399,13,121,Other
1yh1_A,0.1287156226,334,173,83,Other
1zjr_A,0.1459455281,197,96,59,Other
3ic6_A,0.1280978572,217,104,58,Other
3ilk_A,0.1508680556,240,79,110,Other
3jyw_E,0.0339867187,237,83,23,Other
3kw2_A,0.083148688,245,161,31,Other
1gz0_A,0.0875964757,242,171,30,Other
2ha8_A,0.1075906807,159,85,32,Other
2hfy_A,0.0011627734,259,26,3,Other
2i6d_A,0.0930718954,255,178,34,Other
1k3r_A,0.0812889692,262,186,30,Other
2o3a_A,0.1325253684,167,77,48,Other
2qwv_A,0.0898931477,202,131,28,Other
3o7b_A,0.0833333333,216,144,27,Other
1o6d_A,0.0961173585,147,67,31,Other
2yy8_A,0.1315591837,175,79,51,Other
